Código,Nombre Común,Nombre científico,Nitrógeno (kg/ton),Fósforo (kg/ton),Potasio (kg/ton),Calcio (kg/ton),Magnesio (kg/ton),Azufre (kg/ton),Periodo vegetativo (meses),Rendimiento (kg/ha),Indice de Cocecha,,
1,ACELGA,Beta vulgaris var. cicla,4,0.9,5.2,1.5,0.5,0.5,4.5,25,0.645,,
2,AGUAYMANTO,Physalis peruviana,3.5,1,5.7,6,1,0.7,9,10,0.645,,
3,AJI,Capsicum annuum,7.8,5,10,4.7,5.7,5,7,12,0.645,,
4,AJO,Allium sativum,3,1.2,3.6,1,0.3,0.6,6.5,10,0.645,,
5,ALCACHOFA,Cynara scolymus,8,3.2,15.5,2.1,0.6,1.2,11,12,0.645,,
6,ALFALFA,Medicago sativa,2.7,0.7,2.3,3,1.5,0.4,12,70,0.645,,
7,ALFALFA +RYE GRASS,Medicago sativa,2.7,0.7,2.3,3,1.5,0.4,12,60,0.645,,
8,ALGODON,Gossypium spp,130,45,100,8,22,20,6.5,2.5,0.645,,
9,APIO,Apium graveolens var. dulce,1.9,1.1,4.6,2.2,0.2,0.2,5.5,35,0.645,,
10,ARROZ,Oriza sativa,18,8,18,2.7,2,2,5.5,6,0.645,,
11,ARVEJA,Pisum sativum,55,14,37.5,11,6,5,4.5,4,0.645,,
12,AVENA + VICIA,Avena fatua + Vicia sativa,2.59,0.7,2.36,3.2,0.5,0.4,5.5,25,0.645,,
13,BETARRAGA,Beta vulgaris,4.6,1,4,5,0.5,1,4.5,50,0.645,,
14,BROCOLI,Brassica oleracea var. italica,3,1,2.5,0.9,0.4,0.5,4.5,12,0.645,,
15,CACAO,Theobroma cacao,20,10,19,2,2,3,12,1,0.645,,
16,CAFE,Coffea arabica,50,10,50,5,5,6,12,1.5,0.645,,
17,CAIGUA,Sechium edule,4,1.2,7.2,5,1.1,1,7,20,0.645,,
18,CALABAZA,Cucurbita pepo,4,1.5,4.5,9.7,1.3,1.3,4.5,20,0.645,,
19,CAMOTE,Ipomoea batata,4.2,1.6,7.5,1.5,0.4,0.8,5.5,20,0.645,,
20,CAMU CAMU,Myrciaria dubia,3.8,1.6,6.2,2.5,0.8,0.6,12,7.5,0.645,,
21,CAÑA DE AZUCAR,Sacharum officinarum,1.9,0.9,2.98,0.5,0.25,0.22,13,100,0.645,,
22,CAÑIHUA,Chenopodium pallidicaule,2.8,0.8,2.6,1.8,0.6,0.4,5.5,2,0.645,,
23,CASTAÑA,Bertholletia excelsa,12,5.5,15,4,2.5,2,12,0.75,0.645,,
24,CEBADA,Hordeum vulgare,27,11,26,3.8,4,4,5.5,4,0.645,,
25,CEBOLLA,Allium cepa,3.7,1.2,3.2,1,0.3,0.6,5.5,30,0.645,,
26,CEBOLLA CHINA,Allium fistulosum,4.2,1.8,5.5,2.2,0.7,0.8,3.5,20,0.645,,
27,CENTENO,Secale cereale,30,12,30,4.5,3,3,6.5,4,0.645,,
28,CHÍA,Salvia hispanica,18,8,12,3.5,2.8,2.2,5.5,1.2,0.645,,
29,CHIRIMOYA,Annona cherimola,4.5,2,6.5,2.8,1.2,0.9,12,10,0.645,,
30,CIRUELO,Prunus domestica,3.5,2,4,1,1,1.2,12,12,0.645,,
31,CITRICOS,Citrus spp,2.2,1.2,3.5,1.8,0.8,0.6,12,20,0.645,,
32,COCO,Cocos nucifera,6,3.5,12,2.5,1.8,1.5,12,10,0.645,,
33,COCOTERO,Cocus nucifera,40,12,36,13,18,13,12,10,0.645,,
34,COL,Brassica oleracea var.capitata,3.9,1,4,1,0.5,0.9,4.5,40,0.645,,
35,COLIFLOR,Brassica oleracea var.botrytis,4.2,1.5,6.2,0.7,0.5,0.8,4.5,20,0.645,,
36,COPOAZÚ,Theobroma grandiflorum,5.5,2.8,9.5,2.2,1.5,1.2,12,4,0.645,,
37,CULANTRO,Eryngium foetidum,4.5,1.5,6.8,3.2,0.9,0.7,2.5,12,0.645,,
38,DURAZNO,Prunus spp.,3.5,1.8,3.7,1,1,1.2,12,12,0.645,,
39,ESPARRAGO,Asparagus officinalis,5.5,1.1,2.5,4,1,1,12,10,0.645,,
40,ESPINACA,Spinacea oleracea,5.5,1.5,12.5,1.6,0.5,1,2.5,20,0.645,,
41,FLORES,Varias especies,5,2.5,7.5,3,1.2,1,6,15,0.645,,
42,FORESTALES,Varias especies,3.5,1.8,5.5,2.5,1,0.8,12,10,0.645,,
43,FRESA,Fragaria mexicana,5,2,6,6,1,0.7,7,20,0.645,,
44,FRIJOL,Phaseolus vulgaris,50,14,38,10,5,4.5,4.5,1.5,0.645,,
45,GARBANZO,Cicer arietinum,55,14,40,11,5.5,5,5.5,2,0.645,,
46,GIRASOL,Helianthus annus,37,17,90,15,12.5,4.5,5.5,2.5,0.645,,
47,GRANADILLA,Passiflora ligularis,4.2,2,7.2,2.5,1,0.8,9,12,0.645,,
48,GUANÁBANA,Annona muricata,4.8,2.2,7,2.6,1.2,0.9,12,12,0.645,,
49,GUAYABO,Psidium guajava,3.5,1.5,4,0.8,0.8,1,12,12,0.645,,
50,HABA,Vicia faba,56,17,42.5,10,5,4.5,6.5,4,0.645,,
51,HIGUERA,Ficus carica,9,4,12,0.7,0.7,0.8,12,10,0.645,,
52,HORTALIZAS,Varias especies,4,1.8,6.5,3.5,1,0.8,4,25,0.645,,
53,LECHUGA,Lactuca sativa,3.5,1.5,7.5,1,0.4,1.4,2.5,20,0.645,,
54,LIMÓN,Citrus limon,3.5,1.5,5.5,2.2,0.9,0.7,12,20,0.645,,
55,LLACÓN,Tropaeolum tuberosum,3.8,1.6,5.8,2.5,0.8,0.6,6.5,15,0.645,,
56,MACA,Lepidium meyenii,5.5,2.2,7.5,3.2,1.5,1.2,7.5,10,0.645,,
57,MAIZ AMILACEO (GRANO),Zea mayz,22,3.84,19,3,3,4,5.5,5,0.645,,
58,MAIZ MORADO,Zea mayz,17,3,15,3,3,4,5.5,5,0.645,,
59,MANGO,Manguifera indica,4,2,4,0.4,0.4,0.5,12,12,0.645,,
60,MANI,Arachis hipogaea,60,10,46,12,5.5,4.9,5.5,2.5,0.645,,
61,MANZANO Y PERAL,Pyrus spp,4,2,7,1,1,1.2,12,20,0.645,,
62,MELON,Cucumis melo,3.7,1.2,6.7,4.6,1,1,4.5,20,0.645,,
63,NA FORRAJERA,Avena sativa,18,7,22,3.5,1.8,1.5,4.5,25,0.645,,
64,NABO,Brassica rapa,4,1.2,4.2,1,0.5,0.6,3.5,25,0.645,,
65,OCA,Oxalis tuberosa,4.2,1.8,6.5,2.8,0.9,0.7,7.5,15,0.645,,
66,OLIVO,Olea europea,11,5,14,5,5,3,12,4,0.645,,
67,OLLUCO,Ullucus tuberosus,4,1.6,6.2,2.6,0.85,0.65,6.5,15,0.645,,
68,PACAE,Inga feuilleei,8,3.5,10,3.5,2,1.5,12,6.5,0.645,,
69,PALMA ACEITERA,Elaeis guineensis,8,3.5,12.5,1.8,1.8,2,12,18,0.645,,
70,PALTO,Persea americana,3.5,0.9,4.5,0.4,0.4,0.5,12,10,0.645,,
71,PAN DE ÁRBOL,Artocarpus altilis,3.2,1.4,5.8,2,0.8,0.6,12,20,0.645,,
72,PAPA MEJORADA,Solanum tuberosum,3.5,0.5,4.5,1.6,1.13,0.39,5.5,20,0.645,,
73,PAPA NATIVA,Solanum tuberosum,3.8,0.52,4.5,1.6,1.13,0.39,6.5,12,0.645,,
74,PAPAYA,Carica papaya,3,1,7,0.5,0.6,0.5,9.5,50,0.645,,
75,PAPAYITA,Vasconcellea pubescens,3.2,1.1,6.5,0.6,0.5,0.4,9.5,25,0.645,,
76,PASTO NATURAL,"Stipa ichu, spp.",2,0.9,2.5,1.5,0.5,0.3,12,7.5,0.645,,
77,PASTOS ASOCIADOS,Varias especies,1.8,0.8,2.1,3.2,1.8,0.7,12,20,0.645,,
78,PEPINO,Cucumis sativus,4.5,1.4,8.9,5.6,1.4,1.3,3.5,25,0.645,,
79,PIÑA,Ananas comosus,4,3.3,15,1.4,1.8,0.4,13,40,0.645,,
80,PITAHAYA,Hylocereus undatus,4.5,2.2,7.8,1.8,0.9,0.7,12,10,0.645,,
81,PLATANO,Musa spp,2.5,0.7,7,0.5,0.6,0.5,13,25,0.645,,
82,QUINUA,Chenopodium quinoa,26,11,52,9.8,2.2,2,5.5,2.5,0.645,,
83,RABANO,Raphanus sativus,4,1.2,4.2,1,0.5,0.6,1.5,20,0.645,,
84,ROCOTO,Capsicum pubescens,7.5,4.8,9.5,4.5,5.5,4.8,9,12,0.645,,
85,RYE GRASS,Lolium multiflorum,1.8,0.8,2.1,3.2,1.8,0.5,12,50,0.645,,
86,SÁBILA,Aloe barbadensis,2.5,1.2,4,2.8,0.7,0.6,21,25,0.645,,
87,SANDIA,Citrullus vulgaris,3.7,1.2,6.7,4.7,1,1,4.5,25,0.645,,
88,SOYA,Glycine max,77,16,45,7,7,7,5.5,2.5,0.645,,
89,TABACO,Nicotiana tabacum,45,7,65,28,6,6,5.5,2.5,0.645,,
90,TARA,Caesalpinia spinosa,6.666666666666667,3,5,1,1,1.2,12,4,0.645,,
91,TARWI,Lupinus mutabilis,45,12,35,8,4,3.5,7.5,2.5,0.645,,
92,TOMATE,Licopersicum esculentum,3.5,1,5.7,6,1,0.7,7,50,0.645,,
93,TREBOL,Medicago spp.,30,8,25,10,2,2,12,40,0.645,,
94,TRIGO,Triticum aestivum,29,14,29,4.5,5.5,4,5.5,4,0.645,,
95,TUMBO,Passiflora tripartita var. mollissima,3.5,1.6,5.5,2.2,0.85,0.65,12,10,0.645,,
96,TUNA,Opuntia ficus-indica,3.2,1.5,5.8,3.5,0.8,0.5,12,20,0.645,,
97,VID,Vitis vinifera,9,4,12,0.7,0.7,0.8,12,12,0.645,,
98,YUCA,Manihot esculenta,3.5,1.8,6.5,2,0.6,0.4,10.5,20,0.645,,
99,ZANAHORIA,Daucus carota,2,1.1,6,3.8,0.3,0.3,4.5,35,0.645,,
